Client name,time
0,PT0.028063922S
1,PT0.074889744S
2,PT0.074019091S
3,PT0.072708075S
4,PT0.02689916S
5,PT0.072516481S
6,PT0.027962419S
7,PT0.06889381S
8,PT0.073409365S
9,PT0.069058459S
