Client name,time
0,PT0.403980645S
1,PT0.403954497S
2,PT0.404068434S
3,PT0.403115478S
4,PT0.404149263S
5,PT0.404284049S
6,PT0.402611848S
7,PT0.403798936S
8,PT0.402259353S
9,PT0.402307644S
